symbol,name,ranknow
BTC,Bitcoin,1
ETH,Ethereum,2
XRP,Ripple,3
BCH,Bitcoin Cash,4
ADA,Cardano,5
LTC,Litecoin,6
NEO,NEO,7
XLM,Stellar,8
EOS,EOS,9
MIOTA,IOTA,10
XEM,NEM,11
DASH,Dash,12
XMR,Monero,13
LSK,Lisk,14
TRX,TRON,15
BTG,Bitcoin Gold,16
ETC,Ethereum Classic,17
USDT,Tether,18
QTUM,Qtum,19
VEN,VeChain,20
ICX,ICON,21
XRB,Nano,22
ZEC,Zcash,23
PPT,Populous,24
OMG,OmiseGO,25
STEEM,Steem,26
BNB,Binance Coin,27
BCN,Bytecoin,28
XVG,Verge,29
SNT,Status,30
SC,Siacoin,31
STRAT,Stratis,32
AE,Aeternity,33
BTS,BitShares,34
MKR,Maker,35
REP,Augur,36
DGD,DigixDAO,37
WAVES,Waves,38
WTC,Walton,39
ZRX,0x,40
VERI,Veritaseum,41
DOGE,Dogecoin,42
DCR,Decred,43
HSR,Hshare,44
KCS,KuCoin Shares,45
ARDR,Ardor,46
RHOC,RChain,47
KMD,Komodo,48
R,Revain,49
KNC,Kyber Network,50
ETN,Electroneum,51
ARK,Ark,52
GAS,Gas,53
DRGN,Dragonchain,54
ZIL,Zilliqa,55
BAT,Basic Attention Token,56
DGB,DigiByte,57
LRC,Loopring,58
DCN,Dentacoin,59
ELF,aelf,60
BTM,Bytom,61
PIVX,PIVX,62
ETHOS,Ethos,63
ECN,E-coin,64
ZCL,ZClassic,65
GBYTE,Byteball Bytes,66
PLR,Pillar,67
QASH,QASH,68
NAS,Nebulas,69
FUN,FunFair,70
GNT,Golem,71
CNX,Cryptonex,72
CND,Cindicator,73
DENT,Dent,74
SYS,Syscoin,75
BTX,Bitcore,76
IOST,IOStoken,77
GXS,GXShares,78
POWR,Power Ledger,79
SALT,SALT,80
FCT,Factom,81
AION,Aion,82
KIN,Kin,83
MONA,MonaCoin,84
SMART,SmartCash,85
XZC,ZCoin,86
ENG,Enigma,87
PART,Particl,88
BNT,Bancor,89
QSP,Quantstamp,90
AGI,SingularityNET,91
NXT,Nxt,92
MAID,MaidSafeCoin,93
REQ,Request Network,94
RDD,ReddCoin,95
IGNIS,Ignis,96
XPA,XPlay,97
NXS,Nexus,98
PAY,TenX,99
XP,Experience Points,100
ICN,Iconomi,101
WAX,WAX,102
CVC,Civic,103
EMC,Emercoin,104
GNO,Gnosis,105
NEBL,Neblio,106
GAME,GameCredits,107
SUB,Substratum,108
LINK,ChainLink,109
RDN,Raiden Network Token,110
PPP,PayPie,111
VTC,Vertcoin,112
BTCD,BitcoinDark,113
HPB,High Performance Blockchain,114
BLOCK,Blocknet,115
MED,MediBloc,116
STORJ,Storj,117
BLZ,Bluzelle,118
UNITY,SuperNET,119
ACT,Achain,120
XDN,DigitalNote,121
DEW,DEW,122
ZEN,ZenCash,123
POE,Po.et,124
ANT,Aragon,125
MANA,Decentraland,126
SKY,Skycoin,127
HTML,HTMLCOIN,128
TNB,Time New Bank,129
ENJ,Enjin Coin,130
STORM,Storm,131
SRN,SIRIN LABS Token,132
RLC,iExec RLC,133
DTR,Dynamic Trading Rights,134
SAN,Santiment Network Token,135
UBQ,Ubiq,136
BIX,Bibox Token,137
VEE,BLOCKv,138
AGRS,Agoras Tokens,139
RPX,Red Pulse,140
BCO,BridgeCoin,141
AST,AirSwap,142
MCO,Monaco,143
VIBE,VIBE,144
COB,Cobinhood,145
ITC,IoT Chain,146
NAV,NAV Coin,147
C20,CRYPTO20,148
SPHTX,SophiaTX,149
LEND,ETHLend,150
XAS,Asch,151
RCN,Ripio Credit Network,152
MDS,MediShares,153
SNGLS,SingularDTV,154
PPC,Peercoin,155
DBC,DeepBrain Chain,156
XBY,XTRABYTES,157
MTL,Metal,158
AMB,Ambrosus,159
OST,Simple Token,160
UTK,UTRUST,161
THETA,Theta Token,162
CMT,CyberMiles,163
EMC2,Einsteinium,164
EDG,Edgeless,165
SNM,SONM,166
QRL,Quantum Resistant Ledger,167
BAY,BitBay,168
PAC,PACcoin,169
TEL,Telcoin,170
TNC,Trinity Network Credit,171
WABI,WaBi,172
NULS,Nuls,173
XCP,Counterparty,174
ADX,AdEx,175
CTR,Centra,176
SPANK,SpankChain,177
INS,INS Ecosystem,178
VIA,Viacoin,179
NLG,Gulden,180
APPC,AppCoins,181
MLN,Melon,182
MGO,MobileGo,183
ECA,Electra,184
DATA,Streamr DATAcoin,185
EDO,Eidoo,186
ATM,ATMChain,187
ION,ION,188
WGR,Wagerr,189
UKG,Unikoin Gold,190
FUEL,Etherparty,191
TNT,Tierion,192
MOD,Modum,193
QLC,QLINK,194
ETP,Metaverse ETP,195
INT,Internet Node Token,196
WINGS,Wings,197
PRL,Oyster,198
LBC,LBRY Credits,199
NGC,NAGA,200
GVT,Genesis Vision,201
TRIG,Triggers,202
IDH,indaHash,203
BRD,Bread,204
AEON,Aeon,205
TRAC,OriginTrail,206
DNT,district0x,207
HST,Decision Token,208
BURST,Burst,209
ECC,ECC,210
MNX,MinexCoin,211
ADT,adToken,212
CDT,CoinDash,213
CLOAK,CloakCoin,214
DCT,DECENT,215
OCN,Odyssey,216
CAPP,Cappasity,217
ONION,DeepOnion,218
MER,Mercury,219
SOC,All Sports,220
BDG,BitDegree,221
CV,carVertical,222
DAT,Datum,223
LKK,Lykke,224
GTO,Gifto,225
SLS,SaluS,226
COSS,COSS,227
TKN,TokenCard,228
LUN,Lunyr,229
HVN,Hive,230
GRS,Groestlcoin,231
PURA,Pura,232
VIB,Viberate,233
GRID,Grid+,234
PRE,Presearch,235
TAAS,TaaS,236
SXDT,Spectre.ai Dividend Token,237
DPY,Delphy,238
QBT,Qbao,239
1ST,FirstBlood,240
CRW,Crown,241
SAFEX,Safe Exchange Coin,242
TSL,Energo,243
THC,HempCoin,244
INK,Ink,245
FTC,Feathercoin,246
NMC,Namecoin,247
XSPEC,Spectrecoin,248
IOC,I/O Coin,249
VOX,Voxels,250
BITCNY,bitCNY,251
TRST,WeTrust,252
MOON,Mooncoin,253
CFI,Cofound.it,254
SWFTC,SwftCoin,255
POT,PotCoin,256
SHIFT,Shift,257
DMD,Diamond,258
IPL,InsurePal,259
BLT,Bloom,260
MTH,Monetha,261
YOYOW,YOYOW,262
NET,Nimiq,263
PEPECASH,Pepe Cash,264
TIX,Blocktix,265
ZSC,Zeusshield,266
SIB,SIBCoin,267
HMQ,Humaniq,268
SBD,Steem Dollars,269
COLX,ColossusCoinXT,270
KEY,Selfkey,271
DIME,Dimecoin,272
EVX,Everex,273
WRC,Worldcore,274
TIO,Trade Token,275
XWC,WhiteCoin,276
KRM,Karma,277
DLT,Agrello,278
ART,Maecenas,279
AMP,Synereo,280
SNC,SunContract,281
IXT,iXledger,282
VRC,VeriCoin,283
TAU,Lamden,284
FAIR,FairCoin,285
CAT,BitClave,286
PASC,Pascal Coin,287
FLASH,Flash,288
LA,LAToken,289
PKT,Playkey,290
LEO,LEOcoin,291
XSH,SHIELD,292
UNO,Unobtanium,293
MOT,Olympus Labs,294
NLC2,NoLimitCoin,295
MDA,Moeda Loyalty Points,296
ORME,Ormeus Coin,297
PHR,Phore,298
XEL,Elastic,299
DRT,DomRaider,300
PRO,Propy,301
BITB,Bean Cash,302
GRC,GridCoin,303
BOT,Bodhi,304
BLK,BlackCoin,305
NEU,Neumark,306
EXP,Expanse,307
GUP,Matchpool,308
QUN,QunQun,309
COV,Covesting,310
CAN,CanYaCoin,311
POSW,PoSW Coin,312
GTC,Game.com,313
MSP,Mothership,314
BCPT,BlockMason Credit Protocol,315
ARN,Aeron,316
MYB,MyBit Token,317
HGT,HelloGold,318
DNA,EncrypGen,319
SOAR,Soarcoin,320
SWT,Swarm City,321
BBR,Boolberry,322
SLR,SolarCoin,323
RISE,Rise,324
UNIT,Universal Currency,325
OTN,Open Trading Network,326
NMR,Numeraire,327
OK,OKCash,328
RADS,Radium,329
AIR,AirToken,330
OMNI,Omni,331
BCC,BitConnect,332
NVST,NVO,333
STX,Stox,334
PUT,Profile Utility Token,335
EBTC,eBitcoin,336
MUE,MonetaryUnit,337
SNOV,Snovio,338
BNTY,Bounty0x,339
XMY,Myriad,340
HKN,Hacken,341
TGT,Target Coin,342
ENRG,Energycoin,343
WCT,Waves Community Token,344
RBY,Rubycoin,345
AURA,Aurora DAO,346
KICK,KickCoin,347
PST,Primas,348
ZOI,Zoin,349
OAX,OAX,350
CSNO,BitDice,351
BSD,BitSend,352
OCT,OracleChain,353
DICE,Etheroll,354
DBET,DecentBet,355
GOLOS,Golos,356
XAUR,Xaurum,357
MEE,CoinMeet,358
LMC,LoMoCoin,359
ALIS,ALIS,360
BMC,Blackmoon,361
NSR,NuShares,362
NXC,Nexium,363
GBX,GoByte,364
CLAM,Clams,365
BITUSD,bitUSD,366
PLBT,Polybius,367
GAM,Gambit,368
NEOS,NeosCoin,369
BLUE,BLUE,370
UQC,Uquid Coin,371
COVAL,Circuits of Value,372
PRA,ProChain,373
OXY,Oxycoin,374
VIU,Viuly,375
XPM,Primecoin,376
LOC,LockChain,377
ATB,ATBCoin,378
PRG,Paragon,379
NYC,NewYorkCoin,380
AUR,Auroracoin,381
HDG,Hedge,382
AVT,Aventus,383
DTB,Databits,384
PND,Pandacoin,385
TIME,Chronobank,386
FLO,FlorinCoin,387
ELIX,Elixir,388
MINT,Mintcoin,389
RNT,OneRoot Network,390
BPT,Blockport,391
HBT,Hubii Network,392
LUX,LUXCoin,393
QAU,Quantum,394
FLDC,FoldingCoin,395
GET,GET Protocol,396
IFT,InvestFeed,397
NTRN,Neutron,398
ICOS,ICOS,399
RVT,Rivetz,400
VOISE,Voise,401
DBIX,DubaiCoin,402
PZM,PRIZM,403
AIT,AICHAIN,404
LIFE,LIFE,405
XUC,Exchange Union,406
DAI,Dai,407
GAT,Gatcoin,408
PTOY,Patientory,409
PIRL,Pirl,410
BQ,bitqy,411
DIVX,Divi,412
POLL,ClearPoll,413
ODN,Obsidian,414
POLIS,Polis,415
SYNX,Syndicate,416
XRL,Rialto,417
CAG,Change,418
ECOB,Ecobit,419
EDR,E-Dinar Coin,420
LEV,Leverj,421
XLR,Solaris,422
MYST,Mysterium,423
RMC,Russian Miner Coin,424
ESP,Espers,425
USNBT,NuBits,426
DOVU,Dovu,427
OBITS,OBITS,428
FLIXX,Flixxo,429
LINDA,Linda,430
SPF,SportyCo,431
HAC,Hackspace Capital,432
INCNT,Incent,433
GCR,Global Currency Reserve,434
BCY,Bitcrystals,435
NIO,Autonio,436
DRP,DCORP,437
PLU,Pluton,438
MUSIC,Musicoin,439
EAC,EarthCoin,440
DYN,Dynamic,441
XST,Stealthcoin,442
CAT,BlockCAT,443
CVCOIN,CVCoin,444
HEAT,HEAT,445
ARY,Block Array,446
DOPE,DopeCoin,447
SEQ,Sequence,448
PBL,Publica,449
RC,RussiaCoin,450
PINK,PinkCoin,451
SPHR,Sphere,452
XTO,Tao,453
HAT,Hawala.Today,454
ING,Iungo,455
IOP,Internet of People,456
PIX,Lampix,457
BWK,Bulwark,458
BTCZ,BitcoinZ,459
HORSE,Ethorse,460
AIX,Aigang,461
XMCC,Monoeci,462
ABY,ArtByte,463
CURE,Curecoin,464
PFR,Payfair,465
ASTRO,Astro,466
ALQO,ALQO,467
SPRTS,Sprouts,468
XVC,Vcash,469
B2B,B2B,470
PARETO,Pareto Network,471
SXUT,Spectre.ai Utility Token,472
HUSH,Hush,473
ONG,onG.social,474
TIE,TIES Network,475
TOA,ToaCoin,476
SUMO,Sumokoin,477
CPAY,Cryptopay,478
AC,AsiaCoin,479
UFO,UFO Coin,480
ERO,Eroscoin,481
1337,Elite,482
CRED,Verify,483
TIPS,FedoraCoin,484
MEME,Memetic / PepeCoin,485
NVC,Novacoin,486
VRM,VeriumReserve,487
HYP,HyperStake,488
EVR,Everus,489
BTM,Bitmark,490
ADST,AdShares,491
SSS,Sharechain,492
EVE,Devery,493
QWARK,Qwark,494
BBT,BitBoost,495
BDL,Bitdeal,496
FLIK,FLiK,497
BUZZ,BuzzCoin,498
VTR,vTorrent,499
INN,Innova,500
DOT,Dotcoin,501
ERC,EuropeCoin,502
CHIPS,CHIPS,503
SCL,Social,504
PTC,Pesetacoin,505
OPT,Opus,506
PLAY,HEROcoin,507
RIC,Riecoin,508
INXT,Internxt,509
BTDX,Bitcloud,510
TX,TransferCoin,511
CL,Coinlancer,512
BET,DAO.Casino,513
XBC,Bitcoin Plus,514
SNRG,Synergy,515
BRX,Breakout Stake,516
ATMS,Atmos,517
KORE,Kore,518
MAG,Magnet,519
CRC,CrowdCoin,520
ATL,ATLANT,521
CANN,CannabisCoin,522
WISH,MyWish,523
GLD,GoldCoin,524
DGPT,DigiPulse,525
BUN,BunnyCoin,526
WILD,Wild Crypto,527
CRB,Creditbit,528
KLC,KiloCoin,529
BLITZ,Blitzcash,530
ADC,AudioCoin,531
BRK,Breakout,532
ZEIT,Zeitcoin,533
ZNY,Bitzeny,534
SEND,Social Send,535
GCN,GCN Coin,536
2GIVE,2GIVE,537
TZC,TrezarCoin,538
BELA,Bela,539
HWC,HollyWoodCoin,540
UNY,Unity Ingot,541
TFL,TrueFlip,542
ZRC,ZrCoin,543
SPR,SpreadCoin,544
EXCL,ExclusiveCoin,545
BPL,Blockpool,546
MTNC,Masternodecoin,547
BON,Bonpay,548
HOLD,Interstellar Holdings,549
FYP,FlypMe,550
RUP,Rupee,551
XGOX,XGOX,552
KRB,Karbo,553
UFR,Upfiring,554
MAGE,MagicCoin,555
CHC,ChainCoin,556
VSX,Vsync,557
AMM,MicroMoney,558
TKS,Tokes,559
CREA,Creativecoin,560
QVT,Qvolta,561
HBC,HomeBlockCoin,562
MCAP,MCAP,563
PUT,PutinCoin,564
NOTE,DNotes,565
APX,APX,566
TRCT,Tracto,567
IND,Indorse Token,568
PROC,ProCurrency,569
ALT,Altcoin,570
PYLNT,Pylon Network,571
STAK,STRAKS,572
PDC,Project Decorum,573
TES,TeslaCoin,574
TRUST,TrustPlus,575
DNR,Denarius,576
MBRS,Embers,577
HUC,HunterCoin,578
TRC,Terracoin,579
RAIN,Condensate,580
VIVO,VIVO,581
SXC,Sexcoin,582
ADL,Adelphoi,583
START,Startcoin,584
GRE,Greencoin,585
FRD,Farad,586
CMPCO,CampusCoin,587
MXT,MarteXcoin,588
WAND,WandX,589
ITNS,IntenseCoin,590
MONK,Monkey Project,591
EGC,EverGreenCoin,592
SMLY,SmileyCoin,593
NKA,IncaKoin,594
GCC,TheGCCcoin,595
PKB,ParkByte,596
EFL,e-Gulden,597
DFT,DraftCoin,598
PRIX,Privatix,599
REC,Regalcoin,600
XMG,Magi,601
ANC,Anoncoin,602
ZEPH,Zephyr,603
ZER,Zero,604
CDX,Commodity Ad Network,605
CARBON,Carboncoin,606
FOR,FORCE,607
PHO,Photon,608
FRST,FirstCoin,609
PURE,Pure,610
BLU,BlueCoin,611
DAY,Chronologic,612
GJC,Global Jobcoin,613
PING,CryptoPing,614
EBST,eBoost,615
YOC,Yocoin,616
DP,DigitalPrice,617
ELTCOIN,ELTCOIN,618
PBT,Primalbase Token,619
OCL,Oceanlab,620
QRK,Quark,621
XFT,Footy Cash,622
ELLA,Ellaism,623
ARC,ArcticCoin,624
STU,bitJob,625
ADZ,Adzcoin,626
42,42-coin,627
UIS,Unitus,628
PLC,PlusCoin,629
OPC,OP Coin,630
V,Version,631
FYN,FundYourselfNow,632
CRM,Cream,633
EQT,EquiTrader,634
LCT,LendConnect,635
LDOGE,LiteDoge,636
JET,Jetcoin,637
NOBL,NobleCoin,638
CDN,Canada eCoin,639
NDC,NEVERDIE,640
LINX,Linx,641
DCY,Dinastycoin,642
KBR,Kubera Coin,643
MOIN,Moin,644
RIYA,Etheriya,645
IFLT,InflationCoin,646
UNB,UnbreakableCoin,647
FST,Fastcoin,648
UNIFY,Unify,649
INSN,InsaneCoin,650
RKC,Royal Kingdom Coin,651
QBIC,Qbic,652
XCPO,Copico,653
CTX,CarTaxi Token,654
BTA,Bata,655
FJC,FujiCoin,656
WDC,WorldCoin,657
SMC,SmartCoin,658
MZC,MAZA,659
ELE,Elementrem,660
HTC,HitCoin,661
SCT,Soma,662
AU,AurumCoin,663
SKIN,SkinCoin,664
BYC,Bytecent,665
SKC,Skeincoin,666
FLT,FlutterCoin,667
BRO,Bitradio,668
POP,PopularCoin,669
CCRB,CryptoCarbon,670
XLC,LeviarCoin,671
SUR,Suretly,672
MRT,Miners' Reward Token,673
XCN,Cryptonite,674
ZENI,Zennies,675
LGD,Legends Room,676
INFX,Influxcoin,677
GRWI,Growers International,678
ABJ,Abjcoin,679
HAL,Halcyon,680
ERC20,ERC20,681
KEK,KekCoin,682
ATS,Authorship,683
LANA,LanaCoin,684
ECASH,Ethereum Cash,685
I0C,I0Coin,686
BTCS,Bitcoin Scrypt,687
NET,NetCoin,688
ACE,Ace,689
CNT,Centurion,690
MBI,Monster Byte,691
DGC,Digitalcoin,692
STRC,StarCredits,693
ZET,Zetacoin,694
ENT,Eternity,695
CJ,Cryptojacks,696
SCORE,Scorecoin,697
KLN,Kolion,698
ETG,Ethereum Gold,699
DSR,Desire,700
MEC,Megacoin,701
BXT,BitTokens,702
XCXT,CoinonatX,703
NETKO,Netko,704
XPD,PetroDollar,705
BLAS,BlakeStar,706
DFS,DFSCoin,707
DRXNE,DROXNE,708
TTC,TittieCoin,709
VIDZ,PureVidz,710
MAC,Machinecoin,711
TOKC,TOKYO,712
WTT,Giga Watt Token,713
CPC,Capricoin,714
PIGGY,Piggycoin,715
FCN,Fantomcoin,716
ARI,Aricoin,717
EBCH,eBitcoinCash,718
OTX,Octanox,719
KOBO,Kobocoin,720
CFT,CryptoForecast,721
Q2C,QubitCoin,722
BLC,Blakecoin,723
GUN,Guncoin,724
XBL,Billionaire Token,725
TIT,Titcoin,726
808,808Coin,727
TRI,Triangles,728
BLZ,BlazeCoin,729
UNIC,UniCoin,730
TKR,CryptoInsight,731
NIMFA,Nimfamoney,732
IETH,iEthereum,733
BBP,BiblePay,734
HERO,Sovereign Hero,735
HPC,Happycoin,736
TRUMP,TrumpCoin,737
MNE,Minereum,738
FC2,FuelCoin,739
EL,Elcoin,740
STN,Steneum Coin,741
DEM,Deutsche eMark,742
MCRN,MACRON,743
BTCRED,Bitcoin Red,744
RLT,RouletteToken,745
XPTX,PlatinumBAR,746
RBT,Rimbit,747
XJO,Joulecoin,748
DSH,Dashcoin,749
OPAL,Opal,750
CFD,Confido,751
WHL,WhaleCoin,752
GB,GoldBlocks,753
FUNC,FUNCoin,754
KURT,Kurrent,755
MOJO,MojoCoin,756
VOT,VoteCoin,757
GLT,GlobalToken,758
SLG,Sterlingcoin,759
PAK,Pakcoin,760
SHDW,Shadow Token,761
BTSR,BTSR,762
NEWB,Newbium,763
DAXX,DaxxCoin,764
PXC,Phoenixcoin,765
SAGA,SagaCoin,766
ICN,iCoin,767
MDC,Madcoin,768
CTO,Crypto,769
XHI,HiCoin,770
CCT,Crystal Clear ,771
ARG,Argentum,772
ACC,AdCoin,773
XPY,PayCoin,774
CUBE,DigiCube,775
SRC,SecureCoin,776
SDRN,Senderon,777
LTB,LiteBar,778
DDF,DigitalDevelopersFund,779
CNO,Coin(O),780
SUPER,SuperCoin,781
SGR,Sugar Exchange,782
PASL,Pascal Lite,783
AMS,AmsterdamCoin,784
KUSH,KushCoin,785
BITBTC,bitBTC,786
ETHD,Ethereum Dark,787
XRA,Ratecoin,788
PXI,Prime-XI,789
8BIT,8Bit,790
GRLC,Garlicoin,791
PCOIN,Pioneer Coin,792
ZZC,ZoZoCoin,793
NTO,Fujinto,794
DIX,Dix Asset,795
NUKO,Nekonium,796
ASAFE2,AllSafe,797
RED,RedCoin,798
TEK,TEKcoin,799
MARS,Marscoin,800
CCO,Ccore,801
XCT,C-Bit,802
CHAN,ChanCoin,803
PHS,Philosopher Stones,804
BCF,Bitcoin Fast,805
EVIL,Evil Coin,806
ATOM,Atomic Coin,807
BTG,Bitgem,808
888,OctoCoin,809
CASH,Cashcoin,810
BOLI,Bolivarcoin,811
ONX,Onix,812
LEA,LeaCoin,813
BERN,BERNcash,814
TAJ,TajCoin,815
MRJA,GanjaCoin,816
POST,PostCoin,817
CCN,CannaCoin,818
BITGOLD,bitGold,819
SPACE,SpaceCoin,820
HNC,Helleniccoin,821
XGR,GoldReserve,822
BUMBA,BumbaCoin,823
SOON,SoonCoin,824
BSTY,GlobalBoost-Y,825
XIOS,Xios,826
EUC,Eurocoin,827
611,SixEleven,828
ZCG,Zlancer,829
LCP,Litecoin Plus,830
EOT,EOT Token,831
RBIES,Rubies,832
POS,PoSToken,833
AIB,Advanced Internet Blocks,834
KAYI,Kayicoin,835
FRC,Freicoin,836
LBTC,LiteBitcoin,837
300,300 Token,838
COAL,BitCoal,839
YTN,YENTEN,840
QTL,Quatloo,841
DIBC,DIBCOIN,842
MST,MustangCoin,843
TAG,TagCoin,844
DALC,Dalecoin,845
MAR,Marijuanacoin,846
MAO,Mao Zedong,847
GTC,Global Tour Coin,848
ROOFS,Roofs,849
CNNC,Cannation,850
QCN,QuazarCoin,851
REE,ReeCoin,852
ERY,Eryllium,853
NEVA,NevaCoin,854
CACH,CacheCoin,855
BTPL,Bitcoin Planet,856
XCRE,Creatio,857
ECO,EcoCoin,858
LUNA,Luna Coin,859
UET,Useless Ethereum Token,860
STARS,StarCash Network,861
FUZZ,FuzzBalls,862
NRO,Neuro,863
XBTS,Beatcoin,864
ACOIN,Acoin,865
SPT,Spots,866
GP,GoldPieces,867
CMT,Comet,868
BXC,Bitcedi,869
XCO,X-Coin,870
BITEUR,bitEUR,871
OFF,Cthulhu Offerings,872
VPRC,VapersCoin,873
QBC,Quebecoin,874
SFC,Solarflarecoin,875
KRONE,Kronecoin,876
CXT,Coinonat,877
ALTCOM,SONO,878
BNX,BnrtxCoin,879
HMP,HempCoin,880
BENJI,BenjiRolls,881
ICE,iDice,882
BOAT,BOAT,883
LTCU,LiteCoin Ultra,884
G3N,G3N,885
EXN,ExchangeN,886
TOR,Torcoin,887
MSCN,Master Swiscoin,888
ACP,AnarchistsPrime,889
LTCR,Litecred,890
VRS,Veros,891
WOMEN,WomenCoin,892
DOLLAR,Dollar Online,893
PRC,PRCoin,894
COUPE,Coupecoin,895
ELS,Elysium,896
ARGUS,Argus,897
NANOX,Project-X,898
AERM,Aerium,899
CREVA,CrevaCoin,900
LVPS,LevoPlus,901
VLTC,Vault Coin,902
TSTR,Tristar Coin,903
CALC,CaliphCoin,904
EXRN,EXRNchain,905
HMC,HarmonyCoin,906
DMB,Digital Money Bits,907
PAYX,Paypex,908
JINN,Jinn,909
BCAP,BCAP,910
PPY,Peerplays,911
XNN,Xenon,912
CREDO,Credo,913
STAR,Starbase,914
BIS,Bismuth,915
GMT,Mercury Protocol,916
EVC,EventChain,917
TCC,The ChampCoin,918
STA,Starta,919
PGL,Prospectors Gold,920
REAL,REAL,921
VTA,Virtacoin,922
REX,REX,923
SMART,SmartBillions,924
VSL,vSlice,925
AHT,Bowhead,926
GOOD,Goodomy,927
ETT,EncryptoTel [WAVES],928
IXC,Ixcoin,929
CBX,Crypto Bullion,930
ITT,Intelligent Trading Tech,931
ETBS,Ethbits,932
BASH,LuckChain,933
FIMK,FIMKrypto,934
EFYT,Ergo,935
DAR,Darcrus,936
ACC,Accelerator Network,937
GIM,Gimli,938
EMV,Ethereum Movie Venture,939
ICOO,ICO OpenLedger,940
FUCK,FuckToken,941
RNS,Renos,942
EBET,EthBet,943
LNK,Link Platform,944
PIPL,PiplCoin,945
SIFT,Smart Investment Fund Token,946
SHORTY,Shorty,947
ROC,Rasputin Online Coin,948
INPAY,InPay,949
RUSTBITS,Rustbits,950
HODL,HOdlcoin,951
SDC,ShadowCash,952
EPY,Emphy,953
ORB,Orbitcoin,954
BTB,BitBar,955
METAL,MetalCoin,956
USC,Ultimate Secure Cash,957
UTC,UltraCoin,958
ITI,iTicoin,959
UNI,Universe,960
TROLL,Trollcoin,961
BIGUP,BigUp,962
BITS,Bitstar,963
GAIA,GAIA,964
LOG,Woodcoin,965
HBN,HoboNickels,966
BTWTY,Bit20,967
BPC,Bitpark Coin,968
NYAN,Nyancoin,969
VISIO,Visio,970
TALK,BTCtalkcoin,971
WGO,WavesGo,972
JNS,Janus,973
MAX,MaxCoin,974
BITZ,Bitz,975
PR,Prototanium,976
BUCKS,SwagBucks,977
BRIT,BritCoin,978
TRK,Truckcoin,979
MOTO,Motocoin,980
SIGT,Signatum,981
AMMO,Ammo Reloaded,982
CV2,Colossuscoin V2,983
BTCR,Bitcurrency,984
MNM,Mineum,985
TSE,Tattoocoin (Standard Edition),986
VAL,Valorbit,987
BLOCKPAY,BlockPay,988
BITSILVER,bitSilver,989
STV,Sativacoin,990
TGC,Tigercoin,991
GLC,GlobalCoin,992
FLY,Flycoin,993
ARCO,AquariusCoin,994
CRX,Chronos,995
B@,Bankcoin,996
XRE,RevolverCoin,997
J,Joincoin,998
GAP,Gapcoin,999
PX,PX,1e3
SWING,Swing,1001
RUPX,Rupaya,1002
WAY,WayGuide,1003
YEL,Yellow Token,1004
VC,VirtualCoin,1005
GRIM,Grimcoin,1006
FNC,FinCoin,1007
C2,Coin2.1,1008
CHESS,ChessCoin,1009
CYP,Cypher,1010
MAD,SatoshiMadness,1011
AMBER,AmberCoin,1012
IMS,Independent Money System,1013
EREAL,eREAL,1014
XVP,Virtacoinplus,1015
CAT,Catcoin,1016
DUO,ParallelCoin,1017
BTQ,BitQuark,1018
UNITS,GameUnits,1019
NTWK,Network Token,1020
HONEY,Honey,1021
DLC,Dollarcoin,1022
HXX,Hexx,1023
EMD,Emerald Crypto,1024
BRIA,BriaCoin,1025
TRDT,Trident Group,1026
KED,Darsek,1027
EVO,Evotion,1028
SPEX,SproutsExtreme,1029
IMX,Impact,1030
RPC,RonPaulCoin,1031
ICOB,ICOBID,1032
BRAT,BROTHER,1033
MNC,Mincoin,1034
BAS,BitAsean,1035
ZUR,Zurcoin,1036
XBTC21,Bitcoin 21,1037
EAGLE,EagleCoin,1038
VUC,Virta Unique Coin,1039
FIRE,Firecoin,1040
BLN,Bolenum,1041
GPU,GPU Coin,1042
ISL,IslaCoin,1043
CPN,CompuCoin,1044
XNG,Enigma,1045
CON,PayCon,1046
SAC,SACoin,1047
EGAS,ETHGAS,1048
YAC,Yacoin,1049
VLT,Veltor,1050
MAY,Theresa May Coin,1051
JS,JavaScript Token,1052
SOIL,SOILcoin,1053
BIP,BipCoin,1054
FLAX,Flaxscript,1055
$$$,Money,1056
SONG,SongCoin,1057
ALL,Allion,1058
FRK,Franko,1059
SCRT,SecretCoin,1060
GPL,Gold Pressed Latinum,1061
DBTC,Debitcoin,1062
BRAIN,Braincoin,1063
DRS,Digital Rupees,1064
JWL,Jewels,1065
ANTI,AntiBitcoin,1066
GCC,GuccioneCoin,1067
JIN,Jin Coin,1068
RMC,Remicoin,1069
COXST,CoExistCoin,1070
BSTAR,Blackstar,1071
ZMC,ZetaMicron,1072
BLRY,BillaryCoin,1073
SOJ,Sojourn,1074
ICON,Iconic,1075
ADCN,Asiadigicoin,1076
PRX,Printerium,1077
MND,MindCoin,1078
RBX,Ripto Bux,1079
GBC,GBCGoldCoin,1080
PIE,PIECoin,1081
ARB,ARbit,1082
DRM,Dreamcoin,1083
CESC,CryptoEscudo,1084
MILO,MiloCoin,1085
EGO,EGO,1086
ATX,Artex Coin,1087
CWXT,CryptoWorldX Token,1088
VEC2,VectorAI,1089
MTLMC3,Metal Music Coin,1090
URC,Unrealcoin,1091
SH,Shilling,1092
SCS,Speedcash,1093
WARP,WARP,1094
TYCHO,Tychocoin,1095
CF,Californium,1096
RIDE,Ride My Car,1097
PLACO,PlayerCoin,1098
CRTM,Corethum,1099
WORM,HealthyWormCoin,1100
VIP,VIP Tokens,1101
LIR,LetItRide,1102
BIOS,BiosCrypto,1103
URO,Uro,1104
DLISK,DAPPSTER,1105
SLEVIN,Slevin,1106
RSGP,RSGPcoin,1107
KNC,KingN Coin,1108
CRDNC,Credence Coin,1109
TAGR,TAGRcoin,1110
IMPS,ImpulseCoin,1111
BSC,BowsCoin,1112
PULSE,Pulse,1113
WBB,Wild Beast Block,1114
ZYD,Zayedcoin,1115
PONZI,PonziCoin,1116
GEERT,GeertCoin,1117
ORLY,Orlycoin,1118
PEX,PosEx,1119
JOBS,JobsCoin,1120
PLNC,PLNcoin,1121
OS76,OsmiumCoin,1122
STEPS,Steps,1123
IBANK,iBank,1124
DES,Destiny,1125
AGLC,AgrolifeCoin,1126
FXE,FuturXe,1127
ZNE,Zonecoin,1128
CAB,Cabbage,1129
CRT,CRTCoin,1130
SDP,SydPak,1131
XCS,CybCSec,1132
XOC,Xonecoin,1133
VOLT,Bitvolt,1134
HVCO,High Voltage,1135
XRC,Rawcoin,1136
CTIC3,Coimatic 3.0,1137
SOCC,SocialCoin,1138
ALTC,Antilitecoin,1139
BIOB,BioBar,1140
P7C,P7Coin,1141
CONX,Concoin,1142
GSR,GeyserCoin,1143
ULA,Ulatech,1144
NODC,NodeCoin,1145
MGM,Magnum,1146
CTIC2,Coimatic 2.0,1147
SANDG,Save and Gain,1148
SLFI,Selfiecoin,1149
DGCS,Digital Credits,1150
PIZZA,PizzaCoin,1151
CCM100,CCMiner,1152
ABN,Abncoin,1153
EBT,Ebittree Coin,1154
APW,AppleCoin,1155
HT,Huobi Token,1156
ATMC,ATMCoin,1157
ELA,Elastos,1158
TRUE,True Chain,1159
OF,OFCOIN,1160
RUFF,Ruff,1161
LET,LinkEye,1162
DTA,DATA,1163
AIDOC,AI Doctor,1164
STK,STK,1165
JNT,Jibrel Network,1166
EKT,EDUCare,1167
EPC,Electronic PK Chain,1168
OC,OceanChain,1169
TOPC,TopChain,1170
MTN,Medicalchain,1171
BCD,Bitcoin Diamond,1172
CHAT,ChatCoin,1173
NKC,Nework,1174
SMT,SmartMesh,1175
GNX,Genaro Network,1176
LBTC,Lightning Bitcoin [Futures],1177
TKY,THEKEY,1178
WIC,WaykiChain,1179
ZLA,Zilla,1180
HLC,HalalChain,1181
ADK,Aidos Kuneen,1182
EKO,EchoLink,1183
YEE,Yee,1184
KCASH,Kcash,1185
HPY,Hyper Pay,1186
REBL,Rebellious,1187
SHOW,Show,1188
LIGHT,LightChain,1189
BCX,BitcoinX,1190
UBTC,United Bitcoin,1191
AAC,Acute Angle Cloud,1192
STC,StarChain,1193
XTZ,Tezos (Pre-Launch),1194
RCT,RealChain,1195
BAR,Titanium Blockchain,1196
SBTC,Super Bitcoin,1197
BOS,BOScoin,1198
FOTA,Fortuna,1199
FRGC,Fargocoin,1200
ENT,ENTCash,1201
DDD,Scry.info,1202
SEXC,ShareX,1203
BTO,Bottos,1204
ZPT,Zeepin,1206
UGT,UG Token,1207
AWR,AWARE,1208
BIG,BigONE Token,1209
VLC,ValueChain,1210
CANDY,Candy,1211
IDT,InvestDigital,1212
SPC,SpaceChain,1213
ATN,ATN,1214
UGC,ugChain,1215
CPC,CPChain,1216
CHSB,SwissBorg,1217
AI,POLY AI,1218
READ,Read,1219
HOT,Hydro Protocol,1220
QUBE,Qube,1221
FAIR,FairGame,1222
DAV,DavorCoin,1223
MOF,Molecular Future,1224
BLT,Bitcoin Lightning,1225
CMS,COMSA [ETH],1226
UIP,UnlimitedIP,1227
AID,AidCoin,1228
CFUN,CFun,1229
COFI,CoinFi,1230
MOBI,Mobius,1231
SSC,SelfSell,1232
CXO,CargoX,1233
PRS,PressOne,1234
DRPU,DRP Utility,1235
REF,RefToken,1236
IQT,iQuant,1237
MDT,Measurable Data Token,1238
CMS,COMSA [XEM],1239
BTW,Bitcoin White,1240
WC,WINCOIN,1241
BSR,BitSoar,1242
PXS,Pundi X,1243
SHND,StrongHands,1244
ADB,adbank,1245
POLY,Polymath Network,1246
MAN,Matrix AI Network,1247
MOAC,MOAC,1248
HMC,Health Mutual Society,1249
TCT,TokenClub,1250
FIL,Filecoin [Futures],1251
B2X,SegWit2x,1252
NMS,Numus,1253
CLUB,ClubCoin,1254
CAN,Content and AD Network,1255
BCDN,BlockCDN,1256
XIN,Mixin,1258
IFC,Infinitecoin,1259
CEFS,CryptopiaFeeShares,1260
JIYO,Jiyo,1261
TBX,Tokenbox,1262
ZAP,Zap,1263
SWTC,Jingtum Tech,1264
VZT,Vezt,1265
MGC,MergeCoin,1266
SIC,Swisscoin,1267
DIM,DIMCOIN,1268
AXP,aXpire,1269
WETH,WETH,1270
TER,TerraNova,1272
TOK,Tokugawa,1273
IPC,IPChain,1274
THS,TechShares,1275
PRES,President Trump,1276
SPK,Sparks,1277
XID,Sphre AIR ,1278
CRPT,Crypterium,1279
XIN,Infinity Economics,1280
IC,Ignition,1281
SMS,Speed Mining Service,1282
TMC,TimesCoin,1283
KB3,B3Coin,1284
MAG,Maggie,1285
NOX,Nitro,1286
FDX,FidentiaX,1287
KZC,Kzcash,1288
GBG,Golos Gold,1289
ORE,Galactrum,1290
ESC,Escroco,1291
IDXM,IDEX Membership,1292
TRF,Travelflex,1293
EAG,EA Coin,1294
ARCT,ArbitrageCT,1295
MSD,MSD,1296
INF,InfChain,1297
HC,Harvest Masternode Coin,1298
SBC,StrikeBitClub,1299
WOW,Wowcoin,1300
CFC,CoffeeCoin,1301
GOD,Bitcoin God,1302
ZENGOLD,ZenGold,1303
SWM,Swarm,1304
PNX,Phantomx,1305
SHA,SHACoin,1306
CRAVE,Crave,1307
MVC,Maverick Chain,1308
GCS,GameChain System,1309
XMRG,Monero Gold,1310
EQL,Equal,1311
BT2,BT2 [CST],1312
HTML5,HTML5COIN,1313
OX,OX Fina,1314
KDC,KlondikeCoin,1315
PRN,Protean,1316
GRN,Granite,1317
SLT,Smartlands,1318
RUBIT,RubleBit,1319
XID,International Diamond,1320
XRY,Royalties,1321
BTCA,Bitair,1322
DEUS,DeusCoin,1323
XSTC,Safe Trade Coin,1324
CYDER,Cyder,1325
BIT,First Bitcoin,1326
UTT,United Traders Token,1327
PCN,PeepCoin,1328
TRIA,Triaconta,1329
TCOIN,T-coin,1330
BCA,Bitcoin Atom,1331
CLD,Cloud,1332
MARX,MarxCoin,1333
NAMO,NamoCoin,1334
WA,WA Space,1335
SISA,SISA,1336
ZBC,Zilbercoin,1337
GRX,GOLD Reward Token,1338
WSX,WeAreSatoshi,1339
MCR,Macro,1340
VASH,VPNCoin,1341
BTE,BitSerial,1342
HNC,Huncoin,1343
GOLF,Golfcoin,1344
ZSE,ZSEcoin,1345
ANI,Animecoin,1346
QBT,Cubits,1347
BKX,Bankex,1348
PCS,Pabyosi Coin (Special),1349
COR,CORION,1350
SJCX,Storjcoin X,1351
BLX,Blockchain Index,1352
NEOG,NEO GOLD,1353
GDC,GrandCoin,1354
VULC,Vulcano,1355
CSC,CasinoCoin,1356
BITCF,First Bitcoin Capital,1357
SKR,Sakuracoin,1358
ELITE,Ethereum Lite,1359
WIC,Wi Coin,1360
BTCM,BTCMoon,1361
FRN,Francs,1362
EDT,EtherDelta Token,1363
TESLA,TeslaCoilCoin,1364
IRL,IrishCoin,1365
STEX,STEX,1366
INDIA,India Coin,1367
SND,Sand Coin,1368
SENSE,Sense,1369
ACES,Aces,1370
NUMUS,NumusCash,1371
PLX,PlexCoin,1372
GLS,GlassCoin,1373
DUBI,Decentralized Universal Basic Income,1374
ABC,Alphabit,1375
UNRC,UniversalRoyalCoin,1376
MAGN,Magnetcoin,1377
TOP,TopCoin,1378
HDLB,HODL Bucks,1379
SAK,Sharkcoin,1380
HCC,Happy Creator Coin,1381
LDCN,LandCoin,1382
WINK,Wink,1383
DON,Donationcoin,1384
DMC,DynamicCoin,1385
BEST,BestChain,1386
PRIMU,Primulon,1387
PEC,Peacecoin,1388
EDRC,EDRCoin,1389
REGA,Regacoin,1390
FLAP,FlappyCoin,1391
TELL,Tellurion,1392
MINEX,Minex,1393
MCI,Musiconomi,1394
NBIT,netBit,1395
BSN,Bastonet,1396
FONZ,Fonziecoin,1397
TURBO,TurboCoin,1398
GAY,GAY Money,1399
ETT,EncryptoTel [ETH],1400
SFE,SafeCoin,1401
MONETA,Moneta,1402
LTG,LiteCoin Gold,1403
FAP,FAPcoin,1404
ANTX,Antimatter,1405
ACN,Avoncoin,1406
FAZZ,Fazzcoin,1407
TODAY,TodayCoin,1408
HALLO,Halloween Coin,1409
UR,UR,1410
FFC,FireFlyCoin,1411
XTD,XTD Coin,1412
NTC,Natcoin,1413
XAU,Xaucoin,1414
GMX,GoldMaxCoin,1415
PAYP,PayPeer,1416
DUTCH,Dutch Coin,1417
RBBT,RabbitCoin,1418
GAIN,UGAIN,1419
TOPAZ,Topaz Coin,1420
SKULL,Pirate Blocks,1421
UNC,UNCoin,1422
HIGH,High Gain,1423
DISK,DarkLisk,1424
HYTV,Hyper TV,1425
BITOK,Bitok,1426
BIRDS,Birds,1427
DMT,DMarket,1428
APC,AlpaCoin,1429
BLAZR,BlazerCoin,1430
MBL,MobileCash,1431
ELC,Elacoin,1432
AKY,Akuya Coin,1433
CMP,Compcoin,1434
TERA,TeraCoin,1435
RYZ,ANRYZE,1436
AXIOM,Axiom,1437
MONEY,MoneyCoin,1438
RUNNERS,Runners,1439
PDG,PinkDog,1440
BTBC,Bitbase,1441
PRM,PrismChain,1442
BAC,BitAlphaCoin,1443
SPORT,SportsCoin,1444
CME,Cashme,1445
UAHPAY,UAHPay,1446
DASHS,Dashs,1447
OPES,Opescoin,1448
LAZ,Lazaruscoin,1449
BET,BetaCoin,1450
CC,CyberCoin,1451
RCN,Rcoin,1452
XQN,Quotient,1453
FUTC,FutCoin,1454
RUPX,Rupaya [OLD],1455
ASN,Aseancoin,1456
CASH,Cash Poker Pro,1457
XVE,The Vegan Initiative,1458
UTA,UtaCoin,1459
DUB,Dubstep,1460
FID,BITFID,1461
ELTC2,eLTC,1462
XDE2,XDE II,1463
MMXVI,MMXVI,1464
IBTC,iBTC,1465
LEPEN,LePen,1466
POKE,PokeCoin,1467
YES,Yescoin,1468
VOYA,Voyacoin,1469
SHELL,ShellCoin,1470
GARY,President Johnson,1471
KARMA,Karmacoin,1472
FRWC,FrankyWillCoin,1473
10MT,10M Token,1474
X2,X2,1475
RHFC,RHFCoin,1476
OP,Operand,1477
DBG,Digital Bullion Gold,1478
DCRE,DeltaCredits,1479
OMC,Omicron,1480
HYPER,Hyper,1481
CYC,Cycling Coin,1482
TRICK,TrickyCoin,1483
TEAM,TeamUp,1484
LKC,LinkedCoin,1485
BTC2X,Bitcoin2x,1486
MTX,Matryx,1487
SNAKE,SnakeEyes,1488
GML,GameLeagueCoin,1489
EGG,EggCoin,1490
BUB,Bubble,1491
IVZ,InvisibleCoin,1492
AV,AvatarCoin,1493
PSY,Psilocybin,1494
TCR,TheCreed,1495
RICHX,RichCoin,1496
LTH,LAthaan,1497
KASHH,KashhCoin,1498
XOT,Internet of Things,1499
TLE,Tattoocoin (Limited Edition),1500
CHEAP,Cheapcoin,1501
MEN,PeopleCoin,1502
SIGMA,SIGMAcoin,1503
LLT,LLToken,1504
SWP,Swapcoin,1505
BTCS,Bitcoin Silver,1506
EGOLD,eGold,1507
IPY,Infinity Pay,1508
QORA,Qora,1509
FC,Facecoin,1510
EUSD,eUSD,1511
EBIT,eBIT,1512
FBL,Faceblock,1513
